{
  "model_path": "best_cnn_model.keras",
  "dataset": "CIFAR-10",
  "num_classes": 10,
  "classes": [
    "airplane",
    "automobile",
    "bird",
    "cat",
    "deer",
    "dog",
    "frog",
    "horse",
    "ship",
    "truck"
  ],
  "global_metrics": {
    "loss": 0.595431,
    "accuracy": 0.7968,
    "eval_time_s": 14.41,
    "top5_accuracy": 0.9856
  },
  "per_class_accuracy": {
    "airplane": 0.874,
    "automobile": 0.912,
    "bird": 0.707,
    "cat": 0.573,
    "deer": 0.747,
    "dog": 0.649,
    "frog": 0.922,
    "horse": 0.85,
    "ship": 0.869,
    "truck": 0.865
  },
  "per_class_f1": {
    "airplane": 0.821043,
    "automobile": 0.881585,
    "bird": 0.756554,
    "cat": 0.619794,
    "deer": 0.772492,
    "dog": 0.701622,
    "frog": 0.825056,
    "horse": 0.839092,
    "ship": 0.895415,
    "truck": 0.824595
  },
  "per_class_precision": {
    "airplane": 0.774136,
    "automobile": 0.853134,
    "bird": 0.813579,
    "cat": 0.674912,
    "deer": 0.799786,
    "dog": 0.763529,
    "frog": 0.746559,
    "horse": 0.82846,
    "ship": 0.923486,
    "truck": 0.787796
  },
  "per_class_recall": {
    "airplane": 0.874,
    "automobile": 0.912,
    "bird": 0.707,
    "cat": 0.573,
    "deer": 0.747,
    "dog": 0.649,
    "frog": 0.922,
    "horse": 0.85,
    "ship": 0.869,
    "truck": 0.865
  },
  "roc_auc_per_class": {
    "airplane": 0.985,
    "automobile": 0.9937,
    "bird": 0.9654,
    "cat": 0.9458,
    "deer": 0.9762,
    "dog": 0.9645,
    "frog": 0.9874,
    "horse": 0.9864,
    "ship": 0.9919,
    "truck": 0.9873
  },
  "macro_auc": 0.97836,
  "macro_avg": {
    "precision": 0.7965376329506343,
    "recall": 0.7968,
    "f1-score": 0.7937248028119528,
    "support": 10000.0
  },
  "weighted_avg": {
    "precision": 0.7965376329506342,
    "recall": 0.7968,
    "f1-score": 0.7937248028119527,
    "support": 10000.0
  },
  "confusion_matrix": [
    [
      874,
      20,
      13,
      13,
      4,
      1,
      4,
      9,
      28,
      34
    ],
    [
      12,
      912,
      0,
      1,
      0,
      1,
      4,
      0,
      7,
      63
    ],
    [
      72,
      5,
      707,
      22,
      52,
      26,
      61,
      34,
      5,
      16
    ],
    [
      19,
      16,
      42,
      573,
      39,
      125,
      105,
      27,
      15,
      39
    ],
    [
      23,
      4,
      42,
      31,
      747,
      19,
      74,
      50,
      3,
      7
    ],
    [
      11,
      8,
      26,
      154,
      42,
      649,
      40,
      46,
      6,
      18
    ],
    [
      7,
      5,
      15,
      22,
      13,
      4,
      922,
      2,
      2,
      8
    ],
    [
      15,
      2,
      19,
      20,
      36,
      25,
      10,
      850,
      0,
      23
    ],
    [
      62,
      25,
      2,
      7,
      1,
      0,
      7,
      2,
      869,
      25
    ],
    [
      34,
      72,
      3,
      6,
      0,
      0,
      8,
      6,
      6,
      865
    ]
  ]
}